{
  "intents": [
    {
      "triggerQueries": [
        "I find your lack of faith disturbing.",
        "The Chosen One, The Boy May Be.",
        "Did You Ever Hear The Tragedy Of Darth Plagueis The Wise?",
        "The dark side is in our blood."
      ],
      "dialogId": "new_topic_fb639152bf9e4c37b2331947902e3018_33d5123770ba4daeafae51b361ddc80a",
      "isTriggeringEnabled": true,
      "id": "new_topic_fb639152bf9e4c37b2331947902e3018_33d5123770ba4daeafae51b361ddc80a",
      "displayName": "Dark Side",
      "description": "Lesson 1 - This lesson will show you how you can create a simple topic with one conditional branch.\n\nOver the next few lessons, we will show how to add and define variables, conditions and entities.\n\nWelcome to Power Virtual Agents!",
      "createdTime": "2019-01-15T00:00:00Z",
      "updatedTime": "2022-02-16T04:40:15.9355269Z",
      "createdUserId": "user0",
      "updatedUserId": "c94ac02a-ceac-4a8a-b461-895556b2f8ef"
    }
  ],
  "dialogs": [
    {
      "rootNodeId": "e901982c-a22d-4074-b8c7-f7842977a047",
      "messageNodes": [
        {
          "botMessageId": "159e7c92-8871-41a0-a739-9f67085f995f",
          "nodeType": "BotMessageNode",
          "id": "e901982c-a22d-4074-b8c7-f7842977a047",
          "defaultTargetNodeId": "1f6c0946-4d56-4714-96f5-15e2247e953b"
        },
        {
          "botMessageId": "614e2fa3-2cf0-42e3-a2eb-18f9fb274ee6",
          "nodeType": "BotMessageNode",
          "id": "1f6c0946-4d56-4714-96f5-15e2247e953b",
          "defaultTargetNodeId": "6e127cd1-99ff-4c5e-8f3e-9ae93c0d4777"
        }
      ],
      "dialogChangeNodes": [
        {
          "targetDialogId": "new_topic_fb639152bf9e4c37b2331947902e3018_aeabea4d071f415c8c107e1cb7af5424_assumedsuccess",
          "nodeType": "DialogChangeNode",
          "id": "6e127cd1-99ff-4c5e-8f3e-9ae93c0d4777"
        }
      ],
      "id": "new_topic_fb639152bf9e4c37b2331947902e3018_33d5123770ba4daeafae51b361ddc80a",
      "displayName": "Dialog",
      "createdTime": "2019-01-15T00:00:00Z",
      "updatedTime": "2022-02-16T04:40:15.9355269Z",
      "createdUserId": "user0",
      "updatedUserId": "c94ac02a-ceac-4a8a-b461-895556b2f8ef"
    }
  ],
  "botMessages": [
    {
      "channelContent": {
        "web": {
          "contentFormat": "Markdown",
          "content": "Once you start down the dark path, forever will it dominate your destiny."
        }
      },
      "id": "159e7c92-8871-41a0-a739-9f67085f995f",
      "createdTime": "2019-01-15T00:00:00Z",
      "updatedTime": "2022-02-16T03:44:40.0739917Z",
      "createdUserId": "user0",
      "updatedUserId": "c94ac02a-ceac-4a8a-b461-895556b2f8ef"
    },
    {
      "channelContent": {
        "web": {
          "contentFormat": "Markdown",
          "content": "Fear is the path to the dark side. Fear leads to anger. Anger leads to hate. Hate leads to suffering."
        }
      },
      "id": "614e2fa3-2cf0-42e3-a2eb-18f9fb274ee6",
      "createdTime": "2019-10-24T04:02:13.435Z",
      "updatedTime": "2022-02-16T03:44:40.0739917Z",
      "createdUserId": "user0",
      "updatedUserId": "c94ac02a-ceac-4a8a-b461-895556b2f8ef"
    }
  ]
}