<botcomponent schemaname="new_topic_6d4234986a31475aa2ea2ae6c58038bf">
  <componenttype>0</componenttype>
  <description>Lesson 1 - This lesson will show you how you can create a simple topic with one conditional branch.

Over the next few lessons, we will show how to add and define variables, conditions and entities.

Welcome to Power Virtual Agents!</description>
  <iscustomizable>1</iscustomizable>
  <name>Jedi</name>
  <statecode>0</statecode>
  <statuscode>1</statuscode>
</botcomponent>