{
  "intents": [
    {
      "triggerQueries": [
        "I find your lack of faith disturbing.",
        "The Chosen One, The Boy May Be.",
        "Did You Ever Hear The Tragedy Of Darth Plagueis The Wise?",
        "The dark side is in our blood."
      ],
      "dialogId": "new_topic_6d4234986a31475aa2ea2ae6c58038bf",
      "isTriggeringEnabled": true,
      "id": "new_topic_6d4234986a31475aa2ea2ae6c58038bf",
      "displayName": "Jedi",
      "description": "Lesson 1 - This lesson will show you how you can create a simple topic with one conditional branch.\n\nOver the next few lessons, we will show how to add and define variables, conditions and entities.\n\nWelcome to Power Virtual Agents!",
      "createdTime": "2022-02-16T04:40:39.1876129Z",
      "updatedTime": "2022-02-16T05:00:05.7160678Z",
      "createdUserId": "c94ac02a-ceac-4a8a-b461-895556b2f8ef",
      "updatedUserId": "c94ac02a-ceac-4a8a-b461-895556b2f8ef"
    }
  ],
  "dialogs": [
    {
      "rootNodeId": "0cd4b60f-c1b4-4a60-9e39-b6fd7be95be4",
      "messageNodes": [
        {
          "botMessageId": "2d5ea88a-8ed6-46ba-8007-469f30c4ec7e",
          "nodeType": "BotMessageNode",
          "id": "0cd4b60f-c1b4-4a60-9e39-b6fd7be95be4",
          "defaultTargetNodeId": "e85970eb-098b-4e14-a0a1-37183486a572"
        },
        {
          "botMessageId": "3833d524-6383-4994-b024-f248192a5b12",
          "nodeType": "BotMessageNode",
          "id": "e85970eb-098b-4e14-a0a1-37183486a572",
          "defaultTargetNodeId": "8af3116c-0b99-4d81-9092-336373e89f92"
        }
      ],
      "dialogChangeNodes": [
        {
          "targetDialogId": "new_topic_fb639152bf9e4c37b2331947902e3018_aeabea4d071f415c8c107e1cb7af5424_assumedsuccess",
          "nodeType": "DialogChangeNode",
          "id": "8af3116c-0b99-4d81-9092-336373e89f92"
        }
      ],
      "id": "new_topic_6d4234986a31475aa2ea2ae6c58038bf",
      "displayName": "Dialog",
      "createdTime": "2019-01-15T00:00:00Z",
      "updatedTime": "2022-02-16T04:42:31.9473962Z",
      "createdUserId": "user0",
      "updatedUserId": "c94ac02a-ceac-4a8a-b461-895556b2f8ef"
    }
  ],
  "botMessages": [
    {
      "channelContent": {
        "web": {
          "contentFormat": "Markdown",
          "content": "A Jedi must have the deepest commitment, the most serious mind."
        }
      },
      "id": "2d5ea88a-8ed6-46ba-8007-469f30c4ec7e",
      "createdTime": "2019-01-15T00:00:00Z",
      "updatedTime": "2022-02-16T03:44:40.0739917Z",
      "createdUserId": "user0",
      "updatedUserId": "c94ac02a-ceac-4a8a-b461-895556b2f8ef"
    },
    {
      "channelContent": {
        "web": {
          "contentFormat": "Markdown",
          "content": "To be Jedi is to face the truth, and choose. Give off light, or darkness, Padawan. Be a candle, or the night."
        }
      },
      "id": "3833d524-6383-4994-b024-f248192a5b12",
      "createdTime": "2019-10-24T04:02:13.435Z",
      "updatedTime": "2022-02-16T03:44:40.0739917Z",
      "createdUserId": "user0",
      "updatedUserId": "c94ac02a-ceac-4a8a-b461-895556b2f8ef"
    }
  ]
}