<botcomponent schemaname="new_topic_abecde2b05ad4894b6c120cabd7ee36d">
  <componenttype>0</componenttype>
  <description>Lesson 1 - This lesson will show you how you can create a simple topic with one conditional branch.

Over the next few lessons, we will show how to add and define variables, conditions and entities.

Welcome to Power Virtual Agents!</description>
  <iscustomizable>1</iscustomizable>
  <name>Yoda Advice</name>
  <statecode>0</statecode>
  <statuscode>1</statuscode>
</botcomponent>