<ImportExportXml xmlns:xsi="http://www.w3.org/2001/XMLSchema-instance">
  <Entities></Entities>
  <Roles></Roles>
  <Workflows></Workflows>
  <FieldSecurityProfiles></FieldSecurityProfiles>
  <Templates />
  <EntityMaps />
  <EntityRelationships />
  <OrganizationSettings />
  <optionsets />
  <CustomControls />
  <EntityDataProviders />
  <CanvasApps>
    <CanvasApp>
      <Name>new_starwarsfanclubmembers_20a57</Name>
      <AppVersion>2022-02-16T03:15:54Z</AppVersion>
      <Status>Ready</Status>
      <CreatedByClientVersion>3.22014.14.0</CreatedByClientVersion>
      <MinClientVersion>3.22014.14.0</MinClientVersion>
      <Tags>{"primaryDeviceWidth":"640","primaryDeviceHeight":"1136","sienaVersion":"c58d59c9-ec92-4919-8011-5fee6ed0cfe4","deviceCapabilities":"","supportsPortrait":"true","supportsLandscape":"true","primaryFormFactor":"Phone","publisherVersion":"3.22014.14","minimumRequiredApiVersion":"2.2.0","hasComponent":"false","hasUnlockedComponent":"false","isUnifiedRootApp":"false"}</Tags>
      <IsCdsUpgraded>0</IsCdsUpgraded>
      <GalleryItemId xsi:nil="true"></GalleryItemId>
      <BackgroundColor>rgba(29, 29, 29, 1)</BackgroundColor>
      <DisplayName>Star Wars Fan Club Members</DisplayName>
      <Description xsi:nil="true"></Description>
      <CommitMessage xsi:nil="true"></CommitMessage>
      <Publisher xsi:nil="true"></Publisher>
      <AuthorizationReferences>[]</AuthorizationReferences>
      <ConnectionReferences>{"b87057f0-fba4-42a2-ba52-94cc4e90b8c7":{"id":"/providers/microsoft.powerapps/apis/shared_star-20wars-20api-5f8f44dffdedfd83a8-5fa12cd9011a38530f","displayName":"Star Wars API","iconUri":"https://az787822.vo.msecnd.net/defaulticons/api-dedicated.png","dataSources":["StarWarsAPI"],"dependencies":[],"dependents":[],"parameterHints":{},"parameterHintsV2":{},"isOnPremiseConnection":false,"bypassConsent":false,"dataSets":{},"apiTier":"Standard","actions":["getpeople"],"customApiLogicalName":"new_star-20wars-20api","isCustomApiSolutionAware":true},"cfbbcc4b-a3e2-43fe-a9a7-920c37b9f2b3":{"id":"/providers/microsoft.powerapps/apis/shared_excel","displayName":"Excel","iconUri":"https://connectoricons-prod.azureedge.net/releases/v1.0.1542/1.0.1542.2635/excel/icon.png","dataSources":["MemberList"],"dependencies":["2b05836f-7609-4ce7-9929-200c07897dc2"],"dependents":[],"parameterHints":{"2b05836f-7609-4ce7-9929-200c07897dc2":{"value":"fileSource"}},"parameterHintsV2":{"fileSource":{"value":"2b05836f-7609-4ce7-9929-200c07897dc2"}},"isOnPremiseConnection":false,"bypassConsent":false,"dataSets":{"b!xl3bS_reb0eMpcUaxvGB0a_w2Pklmz5DptQhX7E0FsBX6kkw9bftQpz5fI2bp4pI.01GF4A3VFOJQSNROSHFZE27AULPI6CLYHF":{"dataSources":{"MemberList":{"tableName":"MemberList"}}}},"apiTier":"Standard","actions":["providers/PowerPlatform.Governance/Operations/Read","providers/PowerPlatform.Governance/Operations/Write","providers/PowerPlatform.Governance/Operations/Delete"],"isCustomApiSolutionAware":false},"2b05836f-7609-4ce7-9929-200c07897dc2":{"id":"/providers/microsoft.powerapps/apis/shared_onedriveforbusiness","displayName":"OneDrive for Business","iconUri":"https://connectoricons-prod.azureedge.net/releases/v1.0.1546/1.0.1546.2665/onedriveforbusiness/icon.png","dataSources":[],"dependencies":[],"dependents":["cfbbcc4b-a3e2-43fe-a9a7-920c37b9f2b3"],"parameterHints":{},"parameterHintsV2":{},"isOnPremiseConnection":false,"bypassConsent":false,"dataSets":{},"apiTier":"Standard","isCustomApiSolutionAware":false}}</ConnectionReferences>
      <DatabaseReferences>{"default.cds":{"databaseDetails":{"referenceType":"Environmental","environmentName":"default.cds","overrideValues":{"status":"NotSpecified"}},"dataSources":{"43b0dc67-68af-47ae-9a9c-9e69d396ba3e":{"entitySetName":"msdyn_aimodels","logicalName":"msdyn_aimodel"}},"components":[{"componentName":"msdyn_AIModel","identifier":"5f101ea5-f68d-ec11-b400-000d3a3392c0","identifierType":"UniqueId"}]}}</DatabaseReferences>
      <AppComponents>[]</AppComponents>
      <AppComponentDependencies>[]</AppComponentDependencies>
      <CanConsumeAppPass>1</CanConsumeAppPass>
      <CanvasAppType>0</CanvasAppType>
      <BypassConsent>0</BypassConsent>
      <AdminControlBypassConsent>0</AdminControlBypassConsent>
      <EmbeddedApp xsi:nil="true"></EmbeddedApp>
      <IntroducedVersion>1.0</IntroducedVersion>
      <CdsDependencies>{"cdsdependencies":[{"logicalname":"new_star-20wars-20api","componenttype":372,"componenttypeplatformname":"connector"},{"logicalname":"msdyn_aimodel","componenttype":1},{"dependencyid":"5f101ea5-f68d-ec11-b400-000d3a3392c0","logicalname":"","componenttype":401,"componenttypeplatformname":"msdyn_AIModel"}]}</CdsDependencies>
      <IsCustomizable>1</IsCustomizable>
      <BackgroundImageUri>/CanvasApps/new_starwarsfanclubmembers_20a57_BackgroundImageUri</BackgroundImageUri>
      <DocumentUri>/CanvasApps/new_starwarsfanclubmembers_20a57_DocumentUri.msapp</DocumentUri>
    </CanvasApp>
  </CanvasApps>
  <Connectors>
    <Connector>
      <connectorid>16d7a15c-b91d-4b9e-a04d-f98f5eb3a360</connectorid>
      <description></description>
      <displayname>Star Wars API</displayname>
      <iconbrandcolor>#007ee5</iconbrandcolor>
      <name>new_star-20wars-20api</name>
      <connectortype>1</connectortype>
      <openapidefinition>/Connector/new_star-20wars-20api_openapidefinition.json</openapidefinition>
      <connectionparameters>/Connector/new_star-20wars-20api_connectionparameters.json</connectionparameters>
      <policytemplateinstances>/Connector/new_star-20wars-20api_policytemplateinstances.json</policytemplateinstances>
      <iconblob>/Connector/new_star-20wars-20api_iconblob.Png</iconblob>
    </Connector>
  </Connectors>
  <AIModels>
    <AIModel>
      <msdyn_aimodelid>{5f101ea5-f68d-ec11-b400-000d3a3392c0}</msdyn_aimodelid>
      <msdyn_name>Star Wars Characters Model</msdyn_name>
      <msdyn_templateid>{bd519240-4989-45e3-ae17-115c3fd487c6}</msdyn_templateid>
      <statecode>1</statecode>
      <statuscode>1</statuscode>
      <IsCustomizable>1</IsCustomizable>
      <msdyn_activerunconfigurationid>{7a253fdb-0c8e-ec11-b400-000d3a3392c0}</msdyn_activerunconfigurationid>
      <AIConfigurations>
        <AIConfiguration>
          <msdyn_aiconfigurationid>{61101ea5-f68d-ec11-b400-000d3a3392c0}</msdyn_aiconfigurationid>
          <msdyn_majoriterationnumber>1</msdyn_majoriterationnumber>
          <msdyn_minoriterationnumber>0</msdyn_minoriterationnumber>
          <msdyn_modeldata></msdyn_modeldata>
          <msdyn_name>Star Wars Characters Model Train Config</msdyn_name>
          <msdyn_modelrundataspecification>
        {
        "schemaVersion": 2,
        "input": {},
        "output": {}
        }
      </msdyn_modelrundataspecification>
          <msdyn_type>190690000</msdyn_type>
          <msdyn_aimodelid>{5f101ea5-f68d-ec11-b400-000d3a3392c0}</msdyn_aimodelid>
          <statecode>2</statecode>
          <statuscode>6</statuscode>
          <IsCustomizable>1</IsCustomizable>
          <msdyn_templateversion>1</msdyn_templateversion>
          <msdyn_runconfiguration>
        [
          {
            "name": "customPipelineYaml",
            "displayName": "Custom Pipeline Image Classification RealTime Predict Yaml",
            "description": "Defines the yaml definition to be used for Image Classification real time predict pipeline",
            "defaultValue": "Image-Classification-RealTimePredict-Pipeline.yaml",
            "type": "Edm.String"
          },
          {
            "name": "isCustomPipelinesEnabled",
            "displayName": "Use Custom Pipelines",
            "description": "Use Custom Pipelines",
            "defaultValue": "True",
            "type": "Edm.Boolean"
          }
        ]
      </msdyn_runconfiguration>
          <msdyn_resourceinfo>
        {
          "ResourceType": "PythonVirtualEnvironment",
          "PythonVirtualEnvironmentInfo":
          {
            "FeaturizerModuleName": "",
            "PredictionModuleName": "powerai.models.ic.generic.predictor",
            "PackageName": "powerai-env",
            "PackageVersion": "0.0.1",
            "TrainerModuleName": ""
          },
          "ModelStorageType": "Value"
        }
      </msdyn_resourceinfo>
        </AIConfiguration>
        <AIConfiguration>
          <msdyn_aiconfigurationid>{79253fdb-0c8e-ec11-b400-000d3a3392c0}</msdyn_aiconfigurationid>
          <msdyn_majoriterationnumber>2</msdyn_majoriterationnumber>
          <msdyn_minoriterationnumber>0</msdyn_minoriterationnumber>
          <msdyn_modeldata></msdyn_modeldata>
          <msdyn_name>Star Wars Characters Model Train Config</msdyn_name>
          <msdyn_modelrundataspecification>
        {
        "schemaVersion": 2,
        "input": {},
        "output": {}
        }
      </msdyn_modelrundataspecification>
          <msdyn_type>190690000</msdyn_type>
          <msdyn_aimodelid>{5f101ea5-f68d-ec11-b400-000d3a3392c0}</msdyn_aimodelid>
          <statecode>2</statecode>
          <statuscode>6</statuscode>
          <IsCustomizable>1</IsCustomizable>
          <msdyn_templateversion>1</msdyn_templateversion>
          <msdyn_runconfiguration>
        [
          {
            "name": "customPipelineYaml",
            "displayName": "Custom Pipeline Image Classification RealTime Predict Yaml",
            "description": "Defines the yaml definition to be used for Image Classification real time predict pipeline",
            "defaultValue": "Image-Classification-RealTimePredict-Pipeline.yaml",
            "type": "Edm.String"
          },
          {
            "name": "isCustomPipelinesEnabled",
            "displayName": "Use Custom Pipelines",
            "description": "Use Custom Pipelines",
            "defaultValue": "True",
            "type": "Edm.Boolean"
          }
        ]
      </msdyn_runconfiguration>
          <msdyn_resourceinfo>
        {
          "ResourceType": "PythonVirtualEnvironment",
          "PythonVirtualEnvironmentInfo":
          {
            "FeaturizerModuleName": "",
            "PredictionModuleName": "powerai.models.ic.generic.predictor",
            "PackageName": "powerai-env",
            "PackageVersion": "0.0.1",
            "TrainerModuleName": ""
          },
          "ModelStorageType": "Value"
        }
      </msdyn_resourceinfo>
        </AIConfiguration>
      </AIConfigurations>
    </AIModel>
  </AIModels>
  <connectionreferences>
    <connectionreference connectionreferencelogicalname="new_OneDriveforBusiness">
      <connectionreferencedisplayname>One Drive for Business</connectionreferencedisplayname>
      <connectorid>/providers/Microsoft.PowerApps/apis/shared_onedriveforbusiness</connectorid>
      <iscustomizable>1</iscustomizable>
      <statecode>0</statecode>
      <statuscode>1</statuscode>
    </connectionreference>
  </connectionreferences>
  <Languages>
    <Language>1033</Language>
  </Languages>
</ImportExportXml>