{
  "intents": [
    {
      "triggerQueries": [
        "I want to learn the ways of the Force and become a Jedi like my father.",
        "I'm Luke Skywalker, I'm Here To Rescue You.",
        "But I was going into Tosche Station to pick up some power converters!"
      ],
      "dialogId": "new_topic_abecde2b05ad4894b6c120cabd7ee36d",
      "isTriggeringEnabled": true,
      "id": "new_topic_abecde2b05ad4894b6c120cabd7ee36d",
      "displayName": "Yoda Advice",
      "description": "Lesson 1 - This lesson will show you how you can create a simple topic with one conditional branch.\n\nOver the next few lessons, we will show how to add and define variables, conditions and entities.\n\nWelcome to Power Virtual Agents!",
      "createdTime": "2022-02-16T04:42:56.2438099Z",
      "updatedTime": "2022-02-16T05:06:03.0914134Z",
      "createdUserId": "c94ac02a-ceac-4a8a-b461-895556b2f8ef",
      "updatedUserId": "c94ac02a-ceac-4a8a-b461-895556b2f8ef"
    }
  ],
  "dialogs": [
    {
      "rootNodeId": "a4292f95-8f08-4c80-b3ae-e30f55337693",
      "messageNodes": [
        {
          "botMessageId": "933cb024-4936-4cee-a82d-f557d2a3cfc4",
          "nodeType": "BotMessageNode",
          "id": "a4292f95-8f08-4c80-b3ae-e30f55337693",
          "defaultTargetNodeId": "56f54fba-d238-48bf-9c50-fdec7d11bf9c"
        },
        {
          "botMessageId": "00b1fc57-3de7-4cbb-b7aa-caef6fa27aee",
          "nodeType": "BotMessageNode",
          "id": "56f54fba-d238-48bf-9c50-fdec7d11bf9c",
          "defaultTargetNodeId": "5dfb9e8f-05ec-49d4-a836-0ae1955e8a5a"
        }
      ],
      "dialogChangeNodes": [
        {
          "targetDialogId": "new_topic_fb639152bf9e4c37b2331947902e3018_aeabea4d071f415c8c107e1cb7af5424_assumedsuccess",
          "nodeType": "DialogChangeNode",
          "id": "5dfb9e8f-05ec-49d4-a836-0ae1955e8a5a"
        }
      ],
      "id": "new_topic_abecde2b05ad4894b6c120cabd7ee36d",
      "displayName": "Dialog",
      "createdTime": "2019-01-15T00:00:00Z",
      "updatedTime": "2022-02-16T05:06:03.0914134Z",
      "createdUserId": "user0",
      "updatedUserId": "c94ac02a-ceac-4a8a-b461-895556b2f8ef"
    }
  ],
  "botMessages": [
    {
      "channelContent": {
        "web": {
          "contentFormat": "Markdown",
          "content": "When 900 years old you reach, look as good you will not."
        }
      },
      "id": "933cb024-4936-4cee-a82d-f557d2a3cfc4",
      "createdTime": "2019-01-15T00:00:00Z",
      "updatedTime": "2022-02-16T03:44:40.0739917Z",
      "createdUserId": "user0",
      "updatedUserId": "c94ac02a-ceac-4a8a-b461-895556b2f8ef"
    },
    {
      "channelContent": {
        "web": {
          "contentFormat": "Markdown",
          "content": "You think Yoda stops teaching, just because his student does not want to hear? A teacher Yoda is. Yoda teaches like drunkards drink, like killers kill."
        }
      },
      "id": "00b1fc57-3de7-4cbb-b7aa-caef6fa27aee",
      "createdTime": "2019-10-24T04:02:13.435Z",
      "updatedTime": "2022-02-16T03:44:40.0739917Z",
      "createdUserId": "user0",
      "updatedUserId": "c94ac02a-ceac-4a8a-b461-895556b2f8ef"
    }
  ]
}