{
  "namedEntities": [
    {
      "synonyms": [
        "home"
      ],
      "id": "ff0ca6dd-de7a-4bee-b849-16210d63f3c5",
      "displayName": "Home User",
      "updatedTime": "2022-02-16T03:44:40.0739917Z",
      "updatedUserId": "c94ac02a-ceac-4a8a-b461-895556b2f8ef"
    },
    {
      "synonyms": [
        "gaming"
      ],
      "id": "2ccf421b-89a6-43a8-8b4f-b8d8f63b58bf",
      "displayName": "Gamer",
      "updatedTime": "2022-02-16T03:44:40.0739917Z",
      "updatedUserId": "c94ac02a-ceac-4a8a-b461-895556b2f8ef"
    },
    {
      "synonyms": [
        "business"
      ],
      "id": "2d32734c-9552-47c5-963b-563fe1d9ea7e",
      "displayName": "Business User",
      "updatedTime": "2022-02-16T03:44:40.0739917Z",
      "updatedUserId": "c94ac02a-ceac-4a8a-b461-895556b2f8ef"
    }
  ],
  "closedListTypes": [
    {
      "namedEntities": [
        "ff0ca6dd-de7a-4bee-b849-16210d63f3c5",
        "2ccf421b-89a6-43a8-8b4f-b8d8f63b58bf",
        "2d32734c-9552-47c5-963b-563fe1d9ea7e"
      ],
      "smartMatchingEnabled": true,
      "customTypeSchema": "ClosedList",
      "id": "new_customtype_fb639152bf9e4c37b2331947902e3018_f86fcadfd497444e91ed11c12b059d10",
      "displayName": "Usage Type",
      "description": "Lesson 4 Usage Type Entity",
      "createdTime": "2019-10-25T14:03:43.9601778Z",
      "updatedTime": "2022-02-16T03:44:40.0739917Z",
      "createdUserId": "user0",
      "updatedUserId": "c94ac02a-ceac-4a8a-b461-895556b2f8ef"
    }
  ]
}