<botcomponent schemaname="new_topic_fb639152bf9e4c37b2331947902e3018_33d5123770ba4daeafae51b361ddc80a">
  <componenttype>0</componenttype>
  <description>Lesson 1 - This lesson will show you how you can create a simple topic with one conditional branch.

Over the next few lessons, we will show how to add and define variables, conditions and entities.

Welcome to Power Virtual Agents!</description>
  <iscustomizable>1</iscustomizable>
  <name>Dark Side</name>
  <statecode>0</statecode>
  <statuscode>1</statuscode>
</botcomponent>