{
  "intents": [
    {
      "systemIntentTypes": [
        "Thankyou"
      ],
      "intentType": "System",
      "triggerQueries": [
        "thanks",
        "thank you",
        "thanks so much",
        "ty"
      ],
      "dialogId": "new_topic_fb639152bf9e4c37b2331947902e3018_3d2584ec30914684839527e05e7be172_thankyou",
      "isTriggeringEnabled": true,
      "id": "new_topic_fb639152bf9e4c37b2331947902e3018_3d2584ec30914684839527e05e7be172_thankyou",
      "displayName": "Thank you",
      "description": "System Intent Thank You",
      "createdTime": "2019-01-15T00:00:00Z",
      "updatedTime": "2022-02-16T04:14:45.9707403Z",
      "createdUserId": "user0",
      "updatedUserId": "c94ac02a-ceac-4a8a-b461-895556b2f8ef"
    }
  ],
  "dialogs": [
    {
      "rootNodeId": "6c46869b-e8cd-4e1a-a80c-9d73e61d71b5",
      "dialogType": "System",
      "messageNodes": [
        {
          "botMessageId": "cff8bb49-7ed4-4552-a6e6-714279f5f24c",
          "nodeType": "BotMessageNode",
          "id": "6c46869b-e8cd-4e1a-a80c-9d73e61d71b5"
        }
      ],
      "id": "new_topic_fb639152bf9e4c37b2331947902e3018_3d2584ec30914684839527e05e7be172_thankyou",
      "displayName": "Dialog for Thank you",
      "createdTime": "2019-01-15T00:00:00Z",
      "updatedTime": "2022-02-16T04:14:45.9707403Z",
      "createdUserId": "user0",
      "updatedUserId": "c94ac02a-ceac-4a8a-b461-895556b2f8ef"
    }
  ],
  "botMessages": [
    {
      "channelContent": {
        "web": {
          "contentFormat": "Markdown",
          "content": "Train yourself to let go of everything you fear to lose."
        }
      },
      "id": "cff8bb49-7ed4-4552-a6e6-714279f5f24c",
      "createdTime": "2019-01-15T00:00:00Z",
      "updatedTime": "2019-01-15T00:00:00Z",
      "createdUserId": "user0",
      "updatedUserId": "user0"
    }
  ]
}